Rk,Player,Age,Pos,MP,TRB,AST,STL,BLK,TOV,PTS,Player-additional
1,Precious Achiuwa,25,C,1170,9.8,1.7,1.4,1.3,1.4,11.7,achiupr01
2,Steven Adams,31,C,794,14.8,3.0,1.0,1.3,2.4,10.2,adamsst01
3,Bam Adebayo,27,C,2674,10.1,4.5,1.3,0.7,2.2,19.0,adebaba01
4,Ochai Agbaji,24,SG,1739,5.0,2.0,1.2,0.6,1.1,13.8,agbajoc01
5,Santi Aldama,24,PF,1660,9.0,4.1,1.1,0.6,1.5,17.6,aldamsa01
6,Trey Alexander,21,SG,117,3.7,3.4,0.6,0.3,1.5,9.8,alexatr01
7,Nickeil Alexander-Walker,26,SG,2073,4.6,3.9,0.9,0.6,1.7,13.4,alexani01
8,Grayson Allen,29,SG,1544,4.5,3.2,1.3,0.4,1.7,15.9,allengr01
9,Jarrett Allen,26,C,2296,12.5,2.5,1.2,1.1,1.5,17.3,allenja01
10,Jose Alvarado,26,PG,1366,3.6,6.8,2.0,0.4,2.3,15.3,alvarjo01
11,Kyle Anderson,31,PF,1002,7.4,5.2,1.4,1.2,1.3,12.8,anderky01
12,Giannis Antetokounmpo,30,PF,2289,12.6,6.8,0.9,1.2,3.2,32.0,antetgi01
13,Cole Anthony,24,PG,1234,6.0,5.6,1.3,0.9,3.0,18.4,anthoco01
14,OG Anunoby,27,PF,2706,4.8,2.2,1.5,0.9,1.4,17.7,anunoog01
15,Deni Avdija,24,SF,2161,8.7,4.7,1.2,0.6,3.3,20.3,avdijde01
16,Deandre Ayton,26,C,1206,12.1,1.9,0.9,1.2,2.1,17.2,aytonde01
17,Marcus Bagley,23,SF,253,10.0,1.4,1.3,1.7,1.0,9.5,baglema02
18,Marvin Bagley III,25,PF,265,11.4,1.5,1.2,1.1,1.6,18.5,baglema01
19,Patrick Baldwin Jr.,22,SF,107,8.4,1.0,1.0,0.7,1.7,17.8,baldwpa01
20,LaMelo Ball,23,PG,1505,5.5,8.3,1.3,0.3,4.0,28.3,ballla01
21,Lonzo Ball,27,PG,777,5.5,5.3,2.2,0.8,1.9,12.4,balllo01
22,Mo Bamba,26,C,413,12.6,1.6,0.8,2.7,1.7,12.0,bambamo01
23,Paolo Banchero,22,PF,1582,7.9,5.0,0.8,0.6,3.1,27.1,banchpa01
24,Desmond Bane,26,SG,2205,6.8,6.0,1.3,0.5,2.8,21.7,banede01
25,Dalano Banton,25,PG,1120,4.3,5.1,1.4,1.1,2.8,18.0,bantoda01
26,Dominick Barlow,21,PF,375,8.2,1.8,0.9,1.5,0.5,14.2,barlodo01
27,Harrison Barnes,32,PF,2230,5.0,2.2,0.6,0.2,0.8,16.3,barneha02
28,Scottie Barnes,23,PF,2134,8.5,6.4,1.6,1.1,3.1,21.1,barnesc01
29,RJ Barrett,24,SF,1869,7.0,6.0,0.9,0.3,3.2,23.6,barrerj01
30,Charles Bassey,24,C,376,14.6,1.6,1.3,2.9,2.2,15.0,bassech01
31,Emoni Bates,21,SF,75,3.4,3.8,0.5,0.5,1.0,17.8,batesem01
32,Jamison Battle,23,SF,1042,5.5,1.8,0.6,0.3,0.9,14.5,battlja01
33,Nicolas Batum,36,PF,1367,5.7,2.2,1.4,0.9,0.9,8.2,batumni01
34,Damion Baugh,24,SG,370,4.9,5.4,1.5,0.2,3.0,10.6,baughda01
35,Bradley Beal,31,SG,1702,3.7,4.1,1.2,0.6,2.1,19.1,bealbr01
36,Malik Beasley,28,SG,2283,3.4,2.2,1.2,0.1,1.3,21.1,beaslma01
37,MarJon Beauchamp,24,SF,156,10.2,2.5,0.9,0.2,3.5,18.2,beaucma01
38,Reece Beekman,23,PG,469,3.0,4.8,2.5,0.2,1.6,7.1,beekmre01
39,Goga Bitadze,25,C,1430,11.7,3.4,1.2,2.5,1.8,12.6,bitadgo01
40,Bismack Biyombo,32,C,528,10.8,2.1,1.1,1.6,1.8,9.8,biyombi01
41,Anthony Black,21,PG,1887,4.4,4.6,1.6,0.9,2.7,14.0,blackan01
42,Bogdan Bogdanovic,32,SG,1348,4.2,3.9,1.1,0.3,2.0,15.6,bogdabo01
43,Bol Bol,25,PF,448,8.4,1.8,0.7,2.0,1.6,19.6,bolbo01
44,Adem Bona,21,C,905,9.7,1.1,1.0,2.7,2.4,13.4,bonaad01
45,Devin Booker,28,SG,2795,3.9,6.8,0.9,0.2,2.8,24.8,bookede01
46,Brandon Boston Jr.,23,SG,993,4.9,3.3,1.9,0.3,1.9,16.2,bostobr01
47,Chris Boucher,32,PF,862,9.4,1.4,1.0,1.0,1.2,21.0,bouchch01
48,Jamaree Bouyea,25,PG,62,2.9,5.8,2.3,1.2,4.6,9.9,bouyeja01
49,Tony Bradley,27,C,113,13.4,1.9,0.6,2.9,1.6,19.4,bradlto01
50,Malaki Branham,21,SG,427,4.3,3.2,0.9,0.2,2.9,19.8,branhma01
51,Christian Braun,23,SG,2675,5.5,2.8,1.1,0.5,1.1,16.4,braunch01
52,Jalen Bridges,23,SF,30,4.8,0.0,0.0,0.0,4.8,10.8,bridgja01
53,Mikal Bridges,28,SF,3036,3.1,3.6,0.9,0.5,1.6,17.1,bridgmi01
54,Miles Bridges,26,PF,2029,8.5,4.4,0.8,0.8,2.4,23.1,bridgmi02
55,Oshae Brissett,26,SF,142,5.6,1.0,1.0,0.8,2.0,13.2,brissos01
56,Malcolm Brogdon,32,PG,564,5.8,6.3,0.8,0.3,2.4,19.5,brogdma01
57,Dillon Brooks,29,SF,2388,4.1,1.9,0.9,0.2,1.1,15.9,brookdi01
58,Keion Brooks Jr.,24,SF,332,6.3,1.4,1.1,1.1,1.3,15.4,brookke02
59,Bruce Brown,28,PG,922,6.4,3.3,1.3,0.4,1.5,13.3,brownbr01
60,Jaylen Brown,28,SF,2158,6.1,4.8,1.2,0.3,2.7,23.3,brownja02
61,Kobe Brown,25,PF,272,8.6,3.2,0.9,0.5,1.6,10.2,brownko01
62,Moses Brown,25,C,119,13.3,0.6,1.8,1.2,3.3,23.0,brownmo01
63,Jalen Brunson,28,PG,2301,2.9,7.4,0.9,0.1,2.6,26.4,brunsja01
64,Thomas Bryant,27,C,963,9.4,2.0,1.0,1.5,1.1,16.0,bryanth01
65,Kobe Bufkin,21,SG,124,6.1,4.9,0.9,0.6,2.3,15.4,bufkiko01
66,Alec Burks,33,SG,863,5.2,2.3,1.2,0.3,1.2,14.9,burksal01
67,Jared Butler,24,SG,1044,3.8,7.6,1.4,0.4,2.8,18.7,butleja02
68,Jimmy Butler,35,SF,1746,6.1,6.1,1.6,0.4,1.5,19.9,butleji01
69,Matas Buzelis,20,SF,1511,6.6,1.9,0.7,1.8,1.8,16.4,buzelma01
70,Jamal Cain,25,SF,502,6.1,1.6,1.6,0.6,1.6,14.1,cainja01
71,Kentavious Caldwell-Pope,31,SG,2279,2.7,2.1,1.6,0.5,1.0,10.6,caldwke01
72,Toumani Camara,24,PF,2548,6.4,2.5,1.6,0.7,1.5,12.5,camarto01
73,Vlatko Cancar,27,PF,136,8.5,2.4,0.8,0.5,2.9,6.4,cancavl01
74,Clint Capela,30,C,1176,14.4,1.9,1.0,1.6,1.4,14.9,capelca01
75,Branden Carlson,25,C,246,7.9,2.0,0.7,3.1,1.0,17.9,carlsbr01
76,Bub Carrington,19,PG,2458,5.0,5.3,0.8,0.3,2.1,11.8,carrica01
77,Devin Carter,22,PG,396,6.9,3.7,1.9,0.4,1.6,12.5,cartede02
78,Jevon Carter,29,PG,321,4.4,4.5,1.5,0.3,1.2,17.2,carteje01
79,Wendell Carter Jr.,25,C,1758,10.1,2.7,1.1,0.8,1.6,12.7,cartewe01
80,D.J. Carton,24,SG,33,4.4,3.3,2.2,0.0,4.4,3.3,cartodj01
81,Alex Caruso,30,SG,1041,5.5,4.7,3.0,1.0,1.3,13.2,carusal01
82,Stephon Castle,20,SG,2162,4.9,5.5,1.2,0.4,2.9,19.8,castlst01
83,Colin Castleton,24,C,432,10.2,2.3,0.7,0.8,1.9,10.2,castlco01
84,Julian Champagnie,23,SF,1932,5.9,2.1,1.1,0.7,1.4,15.2,champju02
85,Justin Champagnie,23,SF,1340,9.4,1.6,1.7,1.0,1.5,14.6,champju01
86,Ulrich Chomche,19,PF,32,9.0,2.3,0.0,1.1,2.3,5.6,chomcul01
87,Cam Christie,19,SG,59,7.3,3.7,3.1,0.6,1.2,11.0,chrisca02
88,Max Christie,21,SG,2127,4.4,2.5,1.1,0.5,1.5,12.7,chrisma02
89,Josh Christopher,23,SG,69,4.7,4.2,2.6,1.6,3.1,14.6,chrisjo01
90,Sidy Cissoko,20,SF,114,6.6,4.7,0.6,0.3,3.5,10.1,cissosi01
91,Jaylen Clark,23,SG,522,3.7,1.8,2.5,0.1,0.6,11.2,clarkja02
92,Brandon Clarke,28,PF,1207,9.7,2.0,1.6,1.1,1.2,15.9,clarkbr01
93,Jordan Clarkson,32,SG,962,4.4,5.2,1.2,0.3,3.2,22.5,clarkjo01
94,Nic Claxton,25,C,1882,9.9,3.0,1.2,1.9,1.7,13.8,claxtni01
95,Donovan Clingan,20,C,1324,14.3,2.1,0.9,3.0,2.0,11.9,clingdo01
96,Noah Clowney,20,PF,1042,6.3,1.4,0.8,0.7,1.6,14.5,clownno01
97,Amir Coffey,27,SG,1748,3.3,1.6,0.8,0.1,0.9,14.3,coffeam01
98,Isaiah Collier,20,PG,1839,4.6,8.7,1.3,0.3,4.1,12.0,colliis01
99,John Collins,27,PF,1220,9.6,2.4,1.2,1.2,3.0,22.4,collijo01
100,Yuri Collins,23,PG,16,6.8,9.0,4.5,0.0,0.0,4.5,colliyu01
101,Zach Collins,27,PF,977,10.6,4.1,1.1,1.1,2.2,15.0,colliza01
102,Mike Conley,37,PG,1756,3.7,6.5,1.6,0.3,1.5,11.9,conlemi01
103,Pat Connaughton,32,SG,603,6.5,4.2,0.5,0.7,1.4,12.9,connapa01
104,Bilal Coulibaly,20,SF,1948,5.4,3.7,1.4,0.8,2.3,13.4,coulibi01
105,Ricky Council IV,23,SF,1250,6.2,2.8,0.9,0.4,1.5,15.3,councri01
106,Torrey Craig,34,SF,314,8.4,1.9,0.9,1.4,0.9,12.4,craigto01
107,Isaiah Crawford,23,SF,46,6.3,0.8,0.8,1.6,0.8,10.2,crawfis01
108,Jae Crowder,34,PF,103,7.0,2.1,1.0,0.0,1.4,8.0,crowdja01
109,Cui Yongxi,21,SG,10,7.2,0.0,0.0,0.0,0.0,10.8,cuiyo01
110,Cade Cunningham,23,PG,2452,6.2,9.4,1.0,0.8,4.5,26.9,cunnica01
111,Seth Curry,34,SG,1062,3.8,2.0,0.9,0.2,1.1,15.1,curryse01
112,Stephen Curry,36,PG,2252,5.0,6.7,1.3,0.5,3.2,27.5,curryst01
113,Tristan Da Silva,23,SF,1629,5.4,2.5,0.7,0.4,1.2,11.8,dasiltr01
114,Pacome Dadiet,19,SG,111,5.8,1.6,1.0,0.6,1.3,9.7,dadiepa01
115,Dyson Daniels,21,SG,2571,6.3,4.7,3.2,0.8,2.2,15.0,daniedy01
116,N'Faly Dante,23,C,51,14.8,1.4,0.7,3.5,1.4,16.9,nfalyda01
117,Anthony Davis,31,C,1706,12.5,3.8,1.2,2.3,2.4,26.6,davisan02
118,Johnny Davis,22,SG,242,5.7,1.6,2.2,0.9,1.0,11.9,davisjo06
119,Terence Davis,27,SG,8,4.5,4.5,0.0,0.0,0.0,0.0,daviste02
120,JD Davison,22,PG,93,5.0,5.0,1.9,0.4,5.0,12.8,davisjd01
121,RayJ Dennis,23,PG,70,6.2,7.2,3.6,1.0,2.6,15.4,dennira01
122,DeMar DeRozan,35,SF,2768,3.9,4.4,0.8,0.4,1.4,22.2,derozde01
123,Moussa Diabate,23,C,1241,12.7,1.6,1.3,1.2,1.8,11.7,diabamo01
124,Gradey Dick,21,SG,1587,4.4,2.2,1.1,0.2,1.9,17.6,dickgr01
125,Ousmane Dieng,21,C,405,7.2,2.8,1.5,0.6,1.6,12.6,diengou01
126,Rob Dillingham,20,PG,516,3.5,6.8,1.4,0.1,3.7,15.3,dilliro01
127,Spencer Dinwiddie,31,PG,2136,3.5,5.9,1.2,0.3,1.7,14.7,dinwisp01
128,Donte DiVincenzo,28,SG,1606,5.1,5.0,1.6,0.4,2.2,16.2,divindo01
129,Luka Doncic,25,PG,1769,8.3,7.8,1.8,0.4,3.6,28.7,doncilu01
130,Luguentz Dort,25,SF,2073,5.1,2.0,1.4,0.7,0.9,12.5,dortlu01
131,Ayo Dosunmu,25,SG,1394,4.2,5.4,1.1,0.5,1.8,14.6,dosunay01
132,Jeff Dowtin Jr.,27,PG,621,3.5,4.5,1.4,0.7,0.9,16.5,dowtije01
133,PJ Dozier,28,SG,35,5.1,5.1,1.0,0.0,1.0,7.2,doziepj01
134,Andre Drummond,31,C,751,14.9,1.6,1.9,0.9,2.6,14.0,drumman01
135,Chris Duarte,27,SG,74,9.7,4.4,0.0,0.0,0.5,17.5,duartch01
136,Alex Ducas,24,SG,125,7.5,1.4,1.4,0.0,1.2,10.4,ducasal01
137,David Duke Jr.,25,SG,34,5.3,4.2,1.1,0.0,2.1,16.9,dukeda01
138,Kris Dunn,30,PG,1783,5.1,4.2,2.6,0.5,1.5,9.6,dunnkr01
139,Ryan Dunn,22,SF,1410,6.8,1.5,1.1,1.0,1.0,13.0,dunnry01
140,Kevin Durant,36,PF,2265,5.9,4.2,0.8,1.2,3.0,26.2,duranke01
141,Jalen Duren,21,C,2034,14.3,3.7,1.0,1.6,2.4,16.2,durenja01
142,Tari Eason,23,PF,1420,9.2,2.1,2.5,1.3,1.6,17.4,easonta01
143,Zach Edey,22,C,1416,13.9,1.7,0.9,2.2,2.2,15.5,edeyza01
144,Anthony Edwards,23,SG,2871,5.6,4.5,1.1,0.6,3.1,27.3,edwaran01
145,Jesse Edwards,24,C,5,0.0,7.2,0.0,0.0,0.0,0.0,edwarje01
146,Justin Edwards,21,SF,1155,4.6,2.2,1.4,0.5,1.5,13.9,edwarju01
147,Kessler Edwards,24,SF,608,6.8,2.5,1.1,1.2,0.9,9.9,edwarke02
148,Keon Ellis,25,SG,1948,3.9,2.2,2.2,1.2,1.3,12.3,elliske01
149,Joel Embiid,30,C,574,9.7,5.3,0.9,1.1,3.9,28.3,embiijo01
150,Tyson Etienne,25,PG,151,2.1,2.9,0.7,0.2,1.9,13.1,etienty01
151,Drew Eubanks,27,C,746,10.9,2.6,0.6,1.9,2.0,13.5,eubandr01
152,Tosan Evbuomwan,23,SF,665,6.5,3.0,1.3,0.5,2.1,14.5,evbuoto01
153,Dante Exum,29,PG,372,3.2,5.4,1.2,0.3,2.1,16.8,exumda01
154,Bruno Fernando,26,C,147,12.5,4.4,1.0,2.2,3.4,14.2,fernabr01
155,Kyle Filipowski,21,C,1522,10.4,3.3,1.1,0.5,2.4,16.3,filipky01
156,Dorian Finney-Smith,31,PF,1818,4.9,1.8,1.1,0.5,1.1,10.9,finnedo01
157,Adam Flagler,25,SG,203,4.8,2.1,1.4,0.5,0.7,11.5,flaglad01
158,Trentyn Flowers,19,SF,27,5.3,0.0,0.0,0.0,1.3,14.7,flowetr01
159,Malachi Flynn,26,PG,44,5.7,5.7,2.5,0.0,3.3,13.1,flynnma01
160,Simone Fontecchio,29,SF,1237,6.3,1.9,0.9,0.3,1.6,13.0,fontesi01
161,De'Aaron Fox,27,PG,2241,4.8,6.3,1.5,0.4,2.8,23.4,foxde01
162,Enrique Freeman,24,PF,181,6.0,1.8,0.6,0.6,1.2,9.1,freemen01
163,Markelle Fultz,26,PG,184,3.9,5.3,2.0,0.4,2.9,11.9,fultzma01
164,Johnny Furphy,20,SG,379,6.7,1.8,1.7,1.0,1.1,9.8,furphjo01
165,Daniel Gafford,26,C,1226,11.4,2.3,0.7,3.0,1.9,20.6,gaffoda01
166,Darius Garland,25,PG,2301,3.3,7.9,1.4,0.2,3.0,24.2,garlada01
167,Marcus Garrett,26,SG,79,2.7,5.9,1.4,0.9,2.7,12.8,garrema01
168,Luka Garza,26,C,219,8.9,1.8,1.0,0.5,2.0,22.7,garzalu01
169,Keyonte George,21,PG,2109,4.3,6.4,0.8,0.2,3.1,19.2,georgke01
170,Kyshawn George,21,SG,1802,5.7,3.4,1.4,1.0,1.9,11.8,georgky01
171,Paul George,34,PF,1334,5.9,4.8,2.0,0.5,2.9,17.9,georgpa01
172,Taj Gibson,39,C,409,10.6,1.8,0.8,1.6,2.2,9.4,gibsota01
173,Josh Giddey,22,PG,2117,9.6,8.6,1.4,0.8,3.4,17.4,giddejo01
174,Shai Gilgeous-Alexander,26,PG,2598,5.3,6.7,1.8,1.1,2.5,34.4,gilgesh01
175,Anthony Gill,32,PF,397,6.0,1.5,0.8,0.2,0.9,11.7,gillan01
176,Collin Gillespie,25,PG,461,6.1,6.1,1.6,0.4,1.3,15.1,gilleco01
177,Rudy Gobert,32,C,2388,11.8,1.9,0.8,1.6,1.3,13.1,goberru01
178,Jordan Goodwin,26,PG,543,7.4,2.8,2.0,0.7,1.7,10.7,goodwjo01
179,Aaron Gordon,29,PF,1447,6.1,4.1,0.6,0.3,1.8,18.6,gordoaa01
180,Eric Gordon,36,SG,768,2.2,3.0,1.2,0.6,1.3,12.5,gordoer01
181,Jazian Gortman,21,PG,57,3.2,3.8,1.3,0.6,3.2,15.2,gortmja01
182,Jerami Grant,30,PF,1524,3.9,2.4,1.0,1.1,1.5,16.0,grantje01
183,A.J. Green,25,SG,1659,3.8,2.3,0.8,0.2,0.9,11.7,greenaj01
184,Draymond Green,34,PF,1983,7.5,7.0,1.8,1.3,3.2,11.1,greendr01
185,Jalen Green,22,SG,2697,5.0,3.8,0.9,0.4,2.7,23.0,greenja05
186,Javonte Green,31,SG,1258,6.2,1.6,1.9,0.9,0.9,9.9,greenja02
187,Jeff Green,38,PF,396,5.3,1.8,0.5,0.4,0.8,15.6,greenje02
188,Josh Green,24,SG,1887,3.3,2.1,1.4,0.3,1.3,9.7,greenjo02
189,Quentin Grimes,24,SG,2013,5.8,4.1,1.3,0.4,2.5,19.5,grimequ01
190,Mouhamed Gueye,22,PF,533,9.4,1.8,1.9,2.2,1.0,13.3,gueyemo02
191,Rui Hachimura,26,PF,1869,5.7,1.6,0.9,0.5,0.9,14.9,hachiru01
192,Tyrese Haliburton,24,PG,2451,3.8,9.9,1.5,0.7,1.8,20.0,halibty01
193,PJ Hall,22,C,66,12.0,2.2,0.0,2.2,1.1,18.0,hallpj01
194,Tim Hardaway Jr.,32,SG,2153,3.1,2.1,0.6,0.1,0.8,14.1,hardati02
195,James Harden,35,PG,2789,5.9,8.9,1.5,0.7,4.4,23.3,hardeja01
196,Jaden Hardy,22,SG,907,3.5,3.2,1.1,0.2,3.3,19.7,hardyja02
197,Elijah Harkless,24,SG,138,5.5,2.1,2.6,0.3,0.8,8.3,harklej01
198,Ron Harper Jr.,24,SF,17,14.8,4.2,0.0,0.0,0.0,8.5,harpero02
199,Gary Harris,30,SG,711,3.2,1.5,1.3,0.6,0.9,7.3,harriga01
200,Tobias Harris,32,PF,2305,6.7,2.5,1.2,0.9,1.3,15.6,harrito02
201,Josh Hart,29,SG,2897,9.2,5.6,1.5,0.3,2.0,13.1,hartjo01
202,Isaiah Hartenstein,26,C,1590,13.8,5.0,1.1,1.4,2.2,14.4,harteis01
203,Sam Hauser,27,PF,1541,5.2,1.5,1.0,0.3,0.5,14.1,hausesa01
204,Jordan Hawkins,22,SG,1321,4.3,1.8,0.8,0.6,1.6,16.5,hawkijo01
205,Jaxson Hayes,24,C,1093,8.9,1.9,1.0,1.7,1.4,12.6,hayesja02
206,Killian Hayes,23,PG,162,4.0,6.9,0.9,0.9,2.0,12.0,hayeski01
207,Scoot Henderson,20,PG,1759,4.1,6.9,1.4,0.3,3.6,17.1,hendesc01
208,Taylor Hendricks,21,PF,75,7.2,1.0,2.4,1.9,1.0,6.7,hendrta01
209,Tyler Herro,25,SG,2725,5.3,5.6,0.9,0.2,2.6,24.3,herroty01
210,Buddy Hield,32,SG,1863,5.1,2.6,1.3,0.4,1.8,17.6,hieldbu01
211,Haywood Highsmith,28,SF,1818,5.0,2.2,1.3,0.7,1.1,9.5,highsha01
212,Aaron Holiday,28,PG,792,3.5,3.8,0.9,0.5,1.7,15.5,holidaa01
213,Jrue Holiday,34,PG,1896,5.0,4.5,1.3,0.5,1.5,13.0,holidjr01
214,Ron Holland,19,SF,1266,6.2,2.3,1.4,0.5,2.0,14.8,hollaro01
215,Richaun Holmes,31,PF,534,11.9,2.8,0.6,1.6,1.4,15.5,holmeri01
216,Chet Holmgren,22,C,877,10.5,2.6,0.9,2.9,2.3,19.7,holmgch01
217,Jalen Hood-Schifino,21,SG,315,3.1,4.2,0.6,0.8,2.1,12.1,hoodsja01
218,Al Horford,38,C,1659,8.0,2.8,0.8,1.1,1.0,11.7,horfoal01
219,Talen Horton-Tucker,24,SG,724,5.0,4.1,1.0,0.5,2.0,18.8,hortota01
220,Caleb Houstan,22,SF,788,3.4,1.6,1.0,0.3,0.6,10.9,houstca01
221,Jett Howard,21,SF,701,3.6,2.3,0.7,0.6,1.8,13.7,howarje01
222,Kevin Huerter,26,SG,1679,4.4,3.3,1.4,0.5,1.4,14.6,huertke01
223,Jay Huff,26,C,748,6.2,1.8,0.8,2.7,1.6,21.1,huffja01
224,Ariel Hukporti,22,C,217,8.5,1.8,0.2,2.5,3.5,8.0,hukpoar01
225,De'Andre Hunter,27,SF,1740,5.3,1.9,1.0,0.3,1.7,22.5,huntede01
226,Bones Hyland,24,PG,239,3.8,4.8,2.7,0.6,3.8,22.4,hylanbo01
227,Oso Ighodaro,22,PF,1045,7.6,2.4,1.0,1.0,1.3,8.8,ighodos01
228,Joe Ingles,37,SF,114,3.5,7.3,0.6,0.0,2.8,4.7,inglejo01
229,Brandon Ingram,27,SF,595,6.1,5.6,1.0,0.7,4.2,24.2,ingrabr01
230,Harrison Ingram,22,SF,35,9.3,3.1,3.1,0.0,1.0,4.1,ingraha01
231,Kyrie Irving,32,SG,1804,4.8,4.6,1.3,0.5,2.2,24.6,irvinky01
232,Jonathan Isaac,27,PF,1090,10.4,1.3,2.0,2.6,1.1,12.6,isaacjo01
233,Jaden Ivey,22,SG,898,5.0,4.8,1.1,0.4,3.6,21.2,iveyja01
234,Andre Jackson Jr.,23,SG,980,6.7,3.0,1.2,0.5,2.1,8.4,jacksan01
235,GG Jackson II,20,PF,459,7.2,2.3,0.9,0.4,2.4,16.4,jacksgg01
236,Isaiah Jackson,23,C,84,12.0,2.1,1.3,3.4,2.1,15.0,jacksis01
237,Jaren Jackson Jr.,25,C,2207,6.8,2.4,1.5,1.8,2.5,26.8,jacksja02
238,Quenton Jackson,26,PG,381,4.2,5.0,2.0,0.5,1.5,15.3,jacksqu01
239,Reggie Jackson,34,PG,384,3.9,4.2,1.5,0.3,1.6,12.7,jacksre01
240,Trayce Jackson-Davis,24,C,967,11.6,3.9,0.9,1.4,1.7,15.2,jackstr02
241,Bronny James,20,SG,181,3.6,4.4,1.8,0.6,2.6,12.3,jamesbr02
242,LeBron James,40,SF,2444,8.0,8.5,1.0,0.6,3.8,25.2,jamesle01
243,Jaime Jaquez Jr.,23,SF,1368,7.6,4.4,1.6,0.4,2.6,15.0,jaqueja01
244,DaQuan Jeffries,27,SG,1071,4.5,1.8,0.9,0.8,1.2,10.6,jeffrda01
245,Trey Jemison,25,C,392,9.6,1.5,0.8,1.4,2.2,8.7,jemistr01
246,Daniss Jenkins,23,PG,23,3.1,4.7,0.0,0.0,1.6,11.0,jenkida01
247,Ty Jerome,27,SG,1392,4.5,6.1,2.0,0.1,2.4,22.7,jeromty01
248,Isaiah Joe,25,SG,1604,4.4,2.7,1.1,0.2,0.9,17.0,joeis01
249,AJ Johnson,20,SG,639,3.3,4.3,0.7,0.2,2.0,12.4,johnsaj01
250,Cameron Johnson,28,PF,1800,4.9,3.9,1.1,0.5,2.0,21.4,johnsca02
251,Jalen Johnson,23,SF,1284,10.1,5.1,1.6,1.0,3.0,19.1,johnsja05
252,James Johnson,37,PF,37,5.8,3.9,0.0,1.9,3.9,7.8,johnsja01
253,Keldon Johnson,25,SF,1838,7.3,2.4,1.0,0.4,1.5,19.2,johnske04
254,Keon Johnson,22,SG,1925,5.6,3.3,1.5,0.6,2.2,15.7,johnske07
255,Keshad Johnson,23,SF,98,10.3,1.5,1.8,1.5,1.5,15.8,johnske10
256,Nikola Jokic,29,C,2571,12.5,10.0,1.8,0.6,3.2,29.0,jokicni01
257,Colby Jones,22,SG,515,6.1,3.1,1.8,0.9,1.6,11.0,jonesco02
258,Derrick Jones Jr.,27,SF,1873,5.1,1.2,1.5,0.6,1.3,15.0,jonesde02
259,Dillon Jones,23,SF,551,7.9,3.8,1.0,0.3,1.8,8.8,jonesdi01
260,Herbert Jones,26,SF,648,4.3,3.6,2.1,0.5,1.9,11.4,joneshe01
261,Isaac Jones,24,PF,304,6.8,1.4,0.6,1.2,1.9,15.9,jonesis01
262,Kai Jones,24,C,468,9.6,1.9,1.2,1.8,1.4,15.2,joneska01
263,Mason Jones,26,SG,45,7.2,8.8,0.0,0.8,0.8,18.4,jonesma05
264,Spencer Jones,23,SF,125,4.9,1.4,1.4,1.4,1.4,7.5,jonessp01
265,Tre Jones,25,PG,905,4.6,7.6,1.5,0.4,1.4,13.1,jonestr01
266,Tyus Jones,28,PG,2174,3.2,7.1,1.1,0.1,1.5,13.7,jonesty01
267,DeAndre Jordan,36,C,691,14.8,2.8,0.8,1.4,2.1,10.9,jordade01
268,Cory Joseph,33,PG,612,4.4,4.2,1.5,0.2,1.1,10.4,josepco01
269,Nikola Jovic,21,PF,1156,5.6,4.1,1.2,0.4,1.9,15.4,jovicni01
270,Johnny Juzang,23,SG,1270,5.2,1.9,1.1,0.2,1.0,16.2,juzanjo01
271,Yuki Kawamura,23,PG,93,4.6,7.4,0.8,0.0,1.9,13.9,kawamyu01
272,Kylor Kelley,27,C,126,11.1,1.4,0.3,0.9,1.1,9.7,kelleky01
273,Luke Kennard,28,SG,1472,4.5,5.3,1.2,0.1,1.8,14.1,kennalu01
274,Walker Kessler,23,C,1740,14.6,2.0,0.7,2.9,1.8,13.3,kesslwa01
275,Braxton Key,27,SF,11,6.5,0.0,6.5,0.0,3.3,9.8,keybr01
276,Corey Kispert,25,SF,1602,4.1,2.3,0.6,0.3,1.4,15.8,kispeco01
277,Maxi Kleber,33,PF,637,5.4,2.4,0.5,1.0,1.3,5.8,klebima01
278,Bobi Klintman,21,SF,42,6.0,6.0,1.7,0.9,0.9,12.9,klintbo01
279,Dalton Knecht,23,SF,1494,5.2,1.6,0.6,0.2,0.9,17.0,knechda01
280,Kevin Knox,25,SF,84,7.3,2.1,0.9,1.7,1.7,19.7,knoxke01
281,Tyler Kolek,23,PG,296,3.3,8.5,1.5,0.5,2.2,9.9,kolekty01
282,Christian Koloko,24,C,342,9.7,1.7,0.8,1.7,1.3,9.5,kolokch01
283,John Konchar,28,SG,558,9.7,2.7,1.9,0.9,1.0,7.2,konchjo01
284,Luke Kornet,29,C,1361,10.3,3.1,1.0,1.9,0.8,11.7,kornelu01
285,Vit Krejci,24,PG,1153,4.9,4.6,1.1,0.8,1.6,12.9,krejcvi01
286,Jonathan Kuminga,22,PF,1144,6.8,3.3,1.2,0.7,2.2,22.6,kuminjo01
287,Kyle Kuzma,29,PF,1936,6.9,2.8,0.7,0.4,2.7,17.9,kuzmaky01
288,Skal Labissiere,28,PF,12,9.0,3.0,0.0,0.0,0.0,15.0,labissk01
289,Jock Landale,29,C,500,9.9,2.7,0.9,0.7,1.5,14.4,landajo01
290,Jake LaRavia,23,PF,1349,6.9,4.2,1.7,0.6,2.3,12.2,laravja01
291,Pelle Larsson,23,SG,782,4.2,3.0,1.5,0.3,1.1,11.6,larsspe01
292,Zach LaVine,29,SG,2602,4.4,4.3,0.8,0.2,2.9,23.9,lavinza01
293,A.J. Lawson,24,SG,486,6.4,2.3,1.0,0.4,1.1,17.5,lawsoaj01
294,Damion Lee,32,SG,144,5.0,2.7,1.5,0.0,2.5,20.7,leeda03
295,Alex Len,31,C,380,9.0,3.6,0.9,2.0,1.9,7.0,lenal01
296,Kawhi Leonard,33,SF,1180,6.7,3.5,1.8,0.5,2.2,24.3,leonaka01
297,Malevy Leons,25,SF,21,5.1,1.7,0.0,0.0,1.7,3.4,leonsma01
298,Caris LeVert,30,SG,1596,4.6,4.8,1.3,0.7,1.7,17.5,leverca01
299,Maxwell Lewis,22,SF,327,6.1,2.1,1.0,0.8,1.5,12.8,lewisma05
300,E.J. Liddell,24,PF,53,6.1,2.0,0.7,0.7,1.4,14.3,liddeej01
301,Damian Lillard,34,PG,2093,4.7,7.1,1.2,0.2,2.8,24.9,lillada01
302,Dereck Lively II,20,C,833,11.7,3.7,0.9,2.4,1.8,13.6,livelde01
303,Chris Livingston,21,SF,106,11.9,1.7,1.7,0.0,2.0,10.2,livinch01
304,Kevon Looney,28,C,1142,14.6,3.7,1.5,1.2,1.2,10.8,looneke01
305,Brook Lopez,36,C,2546,5.7,2.0,0.7,2.1,1.2,14.7,lopezbr01
306,Kevin Love,36,PF,251,13.5,3.2,2.2,0.6,2.0,17.5,loveke01
307,Kyle Lowry,38,PG,659,3.7,5.2,1.8,0.6,1.1,7.5,lowryky01
308,Trey Lyles,29,PF,1349,8.4,2.2,1.1,0.6,1.0,12.0,lylestr01
309,Sandro Mamukelashvili,25,PF,681,9.9,2.5,1.2,0.9,1.4,20.4,mamuksa01
310,Terance Mann,28,SG,1414,5.1,3.1,1.2,0.4,1.2,13.2,mannte01
311,Tre Mann,23,PG,319,4.3,4.4,0.8,0.5,2.8,20.7,manntr01
312,Lauri Markkanen,27,PF,1476,6.8,1.7,0.8,0.4,1.6,21.8,markkla01
313,Naji Marshall,27,SF,1919,6.2,3.9,1.3,0.2,2.1,17.1,marshna01
314,Caleb Martin,29,SF,1218,5.2,2.8,1.4,0.7,1.7,10.5,martica02
315,Cody Martin,29,SF,1173,6.9,3.2,1.7,1.0,1.6,11.0,martico01
316,Jaylen Martin,21,SF,239,6.6,2.6,1.4,0.0,1.8,11.7,martija02
317,KJ Martin,24,PF,912,4.9,1.9,0.7,0.9,0.9,10.8,martike04
318,Tyrese Martin,25,SG,1315,6.0,3.3,0.9,0.2,2.0,14.3,martity01
319,Garrison Mathews,28,SG,830,3.8,2.6,1.1,0.7,1.3,15.3,mathega01
320,Bennedict Mathurin,22,SF,2149,6.4,2.3,0.8,0.4,2.3,19.4,mathube01
321,Karlo Matkovic,23,PF,791,9.5,2.1,1.0,1.9,2.0,14.8,matkoka01
322,Tyrese Maxey,24,PG,1960,3.2,5.8,1.7,0.4,2.3,25.1,maxeyty01
323,Miles McBride,24,SG,1593,3.6,4.2,1.5,0.4,0.9,13.8,mcbrimi01
324,Jared McCain,20,SG,592,3.4,3.6,0.9,0.0,2.3,21.4,mccaija01
325,Mac McClung,26,SG,10,3.6,10.8,0.0,0.0,0.0,0.0,mccluma01
326,CJ McCollum,33,PG,1832,4.2,4.5,0.9,0.5,2.1,23.2,mccolcj01
327,T.J. McConnell,32,PG,1415,4.9,8.9,2.1,0.5,2.8,18.3,mccontj01
328,Kevin McCullar Jr.,23,SF,29,9.9,2.5,1.2,1.2,0.0,7.4,mcculke01
329,Jaden McDaniels,24,PF,2614,6.5,2.2,1.5,1.0,1.3,13.8,mcdanja02
330,Jalen McDaniels,27,SF,7,0.0,5.1,5.1,0.0,0.0,0.0,mcdanja01
331,Doug McDermott,33,SF,342,2.3,0.7,0.4,0.2,0.6,15.5,mcderdo01
332,Bryce McGowens,22,SG,32,3.4,2.3,1.1,0.0,4.5,14.6,mcgowbr01
333,Jordan McLaughlin,28,PG,314,3.4,5.8,1.8,0.1,1.8,11.2,mclaujo01
334,Jack McVeigh,28,PF,43,4.2,0.8,0.0,1.7,1.7,11.7,mcveija01
335,De'Anthony Melton,26,SG,121,6.0,5.1,2.1,0.6,3.0,18.4,meltode01
336,Sam Merrill,28,SG,1401,4.0,2.8,1.4,0.4,0.9,13.1,merrisa01
337,Vasilije Micic,31,PG,785,4.1,5.9,0.7,0.0,3.5,12.3,micicva01
338,Khris Middleton,33,SF,843,5.9,6.4,1.5,0.3,2.4,18.8,middlkh01
339,Brandon Miller,22,SF,924,5.1,3.8,1.1,0.8,3.0,22.1,millebr02
340,Emanuel Miller,24,PF,25,11.5,2.9,1.4,0.0,0.0,14.4,milleem01
341,Jordan Miller,25,SF,420,5.0,2.9,1.5,0.4,2.2,13.0,millejo02
342,Leonard Miller,21,SF,32,12.4,0.0,2.3,1.1,2.3,22.5,millele01
343,Dariq Whitehead,20,SF,246,4.2,1.8,0.9,0.1,2.2,16.7,whiteda01
344,Patty Mills,36,PG,321,2.5,2.9,1.5,0.3,1.9,12.4,millspa02
345,Shake Milton,28,SG,837,4.5,4.4,1.1,0.2,1.7,13.5,miltosh01
346,Justin Minaya,25,SF,101,3.6,2.5,2.1,0.4,1.8,6.4,minayju01
347,Riley Minix,24,SF,7,10.3,0.0,0.0,0.0,0.0,0.0,minixri01
348,Josh Minott,22,SF,276,6.1,2.3,2.0,1.6,1.4,15.5,minotjo01
349,Yves Missi,20,C,1956,11.1,1.8,0.7,1.8,1.5,12.2,missiyv01
350,Ajay Mitchell,22,SG,597,4.1,3.9,1.5,0.2,1.7,14.1,mitchaj01
351,Davion Mitchell,26,PG,2027,3.0,6.4,1.3,0.3,2.3,10.4,mitchda01
352,Donovan Mitchell,28,SG,2232,5.2,5.7,1.5,0.3,2.4,27.4,mitchdo01
353,Evan Mobley,23,PF,2167,10.9,3.8,1.0,1.9,2.4,21.9,mobleev01
354,Isaiah Mobley,25,PF,17,8.5,10.6,2.1,2.1,0.0,12.7,mobleis01
355,Jonathan Mogbo,23,PF,1286,8.7,4.1,1.5,1.0,2.0,10.9,mogbojo01
356,Malik Monk,26,SG,2054,4.3,6.3,1.1,0.7,2.8,19.6,monkma01
357,Moses Moody,22,SG,1649,4.1,2.1,1.3,0.7,1.2,15.8,moodymo01
358,Taze Moore,26,SG,20,14.4,1.8,3.6,0.0,3.6,10.8,mooreta02
359,Wendell Moore Jr.,23,SG,499,6.9,3.0,1.4,0.4,1.9,10.8,moorewe01
360,Ja Morant,25,PG,1519,4.9,8.6,1.4,0.3,4.4,27.5,moranja01
361,Markieff Morris,35,PF,165,5.0,4.6,0.4,0.7,1.1,12.2,morrima02
362,Monte Morris,29,PG,571,4.2,4.6,1.3,0.2,1.3,14.7,morrimo01
363,Trey Murphy III,24,SF,1854,5.2,3.7,1.1,0.8,2.0,21.8,murphtr02
364,Dejounte Murray,28,PG,1012,7.1,8.1,2.2,0.4,3.8,19.3,murrade01
365,Jamal Murray,27,PG,2418,3.9,6.0,1.4,0.5,2.1,21.4,murraja01
366,Keegan Murray,24,PF,2610,7.0,1.5,0.8,1.0,0.8,13.0,murrake02
367,Kris Murray,24,SF,1040,6.3,2.4,1.2,0.6,1.5,9.9,murrakr01
368,Svi Mykhailiuk,27,SF,760,4.3,3.6,0.9,0.3,2.5,15.8,mykhasv01
369,Larry Nance Jr.,32,PF,463,8.0,3.0,1.6,1.0,1.2,15.8,nancela02
370,Pete Nance,24,C,138,5.5,2.6,0.5,0.5,1.0,9.9,nancepe01
371,Andrew Nembhard,25,SG,1881,4.1,6.2,1.5,0.2,2.1,12.5,nembhan01
372,Aaron Nesmith,25,SF,1123,5.7,1.7,1.1,0.5,1.2,17.3,nesmiaa01
373,Tristen Newton,23,SG,16,9.0,4.5,2.3,0.0,4.5,6.8,newtotr01
374,Georges Niang,31,PF,1697,5.8,2.4,0.6,0.3,1.7,16.6,niangge01
375,Daishen Nix,22,PG,13,11.1,8.3,0.0,0.0,11.1,2.8,nixda01
376,Zeke Nnaji,24,PF,608,5.3,1.4,1.5,2.3,0.8,10.9,nnajize01
377,Miles Norris,24,PF,35,9.3,0.0,2.1,1.0,0.0,7.2,norrimi01
378,Jaylen Nowell,25,SG,168,4.3,3.9,0.2,0.9,1.7,14.4,nowelja01
379,Jusuf Nurkic,30,C,1063,13.5,3.9,1.4,1.2,3.3,15.3,nurkiju01
380,Royce O'Neale,31,SF,1837,6.8,3.2,1.3,0.7,1.3,13.3,onealro01
381,Jahlil Okafor,29,C,3,12.0,12.0,0.0,0.0,0.0,0.0,okafoja01
382,Chuma Okeke,26,PF,196,8.6,2.8,0.9,0.7,0.6,9.7,okekech01
383,Josh Okogie,26,SG,625,6.5,1.9,2.8,1.0,1.8,16.3,okogijo01
384,Onyeka Okongwu,24,C,2064,11.5,2.9,1.2,1.2,1.6,17.2,okongon01
385,Isaac Okoro,24,SG,1053,4.4,2.3,1.1,0.5,0.8,11.5,okorois01
386,Quincy Olivari,23,PG,10,0.0,3.6,0.0,0.0,3.6,10.8,olivaqu01
387,Kelly Olynyk,33,C,891,8.3,5.2,1.3,0.8,3.1,15.5,olynyke01
388,Kelly Oubre Jr.,29,SF,2078,6.4,1.9,1.6,0.5,1.4,15.7,oubreke01
389,Chris Paul,39,PG,2292,4.6,9.5,1.6,0.3,2.0,11.4,paulch01
390,Cameron Payne,30,PG,1090,3.4,6.7,1.3,0.5,1.7,16.5,payneca01
391,Elfrid Payton,30,PG,511,5.6,11.7,1.7,0.8,4.2,6.0,paytoel01
392,Gary Payton II,32,SG,927,7.2,3.2,2.0,0.7,1.5,15.5,paytoga02
393,Drew Peterson,25,PF,186,7.7,2.5,1.0,0.4,1.5,10.5,peterdr01
394,Julian Phillips,21,SF,1123,5.4,1.3,1.2,0.6,0.9,11.7,phillju01
395,Jalen Pickett,25,SG,666,3.8,5.8,1.0,0.3,1.3,10.8,pickeja02
396,Scotty Pippen Jr.,24,PG,1683,5.5,7.4,2.2,0.6,3.0,16.7,pippesc02
397,Daeqwon Plowden,26,SG,72,5.5,1.0,0.0,0.0,2.0,21.5,plowdda01
398,Mason Plumlee,34,C,1300,12.6,3.7,0.9,1.3,1.6,9.2,plumlma01
399,Brandin Podziemski,21,SG,1716,6.8,4.6,1.4,0.3,1.6,15.7,podzibr01
400,Jakob Poeltl,29,C,1686,11.7,3.4,1.4,1.5,2.4,17.6,poeltja01
401,Jordan Poole,25,SG,2001,3.7,5.5,1.5,0.5,3.7,25.0,poolejo01
402,Craig Porter Jr.,24,PG,513,4.7,5.0,1.2,1.1,2.7,13.2,portecr01
403,Kevin Porter Jr.,24,SG,1482,6.8,6.2,2.0,0.3,3.3,18.7,porteke02
404,Michael Porter Jr.,26,SF,2593,7.5,2.3,0.7,0.5,1.4,19.4,portemi01
405,Bobby Portis,29,PF,1244,11.9,3.0,1.0,0.8,1.6,19.7,portibo01
406,Kristaps Porzingis,29,C,1210,8.4,2.6,0.9,1.9,1.6,24.3,porzikr01
407,Quinten Post,24,PF,686,7.8,2.9,0.8,0.9,1.7,17.8,postqu01
408,Micah Potter,26,C,705,8.4,1.6,0.7,0.7,1.6,8.3,pottemi01
409,Dwight Powell,33,C,551,7.7,3.6,1.2,1.4,1.2,7.4,poweldw01
410,Norman Powell,31,SG,1958,3.5,2.3,1.3,0.2,2.0,24.0,powelno01
411,Taurean Prince,30,SF,2166,4.8,2.6,1.3,0.2,1.4,10.9,princta02
412,Payton Pritchard,27,PG,2271,4.9,4.4,1.1,0.2,1.3,18.1,pritcpa01
413,Olivier-Maxence Prosper,22,PF,584,7.8,2.5,1.6,0.4,0.9,12.4,prospol01
414,Zyon Pullin,23,SG,3,0.0,0.0,0.0,0.0,0.0,0.0,pullizy01
415,Trevelin Queen,27,SG,430,4.5,3.2,2.6,0.8,1.8,12.7,queentr01
416,Neemias Queta,25,C,863,9.8,1.9,0.8,1.8,1.7,12.9,quetane01
417,Immanuel Quickley,25,PG,918,4.6,7.5,0.9,0.2,2.3,22.1,quickim01
418,Lester Quinones,24,SG,183,3.7,4.7,0.6,0.4,2.8,16.9,quinole01
419,Julius Randle,30,PF,2226,7.9,5.2,0.8,0.3,3.2,20.8,randlju01
420,Duop Reath,28,C,469,7.1,2.0,0.9,1.1,1.2,14.9,reathdu01
421,Austin Reaves,26,SG,2550,4.6,5.9,1.1,0.3,2.5,20.8,reaveau01
422,Cam Reddish,25,SF,589,4.0,1.3,2.0,0.6,0.7,6.4,reddica01
423,Paul Reed,25,C,438,10.1,3.6,3.2,2.1,2.1,15.1,reedpa01
424,Alex Reese,25,PF,216,7.8,0.7,1.7,1.7,1.0,12.7,reeseal01
425,Antonio Reeves,24,SG,660,3.4,2.1,1.1,0.2,1.6,16.6,reevean01
426,Naz Reid,25,C,2200,7.9,3.0,0.9,1.2,1.8,18.6,reidna01
427,Jared Rhoden,25,SG,227,6.7,2.5,1.6,0.3,1.4,18.7,rhodeja01
428,Nick Richards,27,C,1256,13.4,1.4,0.4,1.6,2.3,15.2,richani01
429,Josh Richardson,31,SG,150,2.9,2.9,1.9,0.2,1.9,7.7,richajo01
430,Zaccharie Risacher,19,SF,1843,5.2,1.8,1.0,0.7,1.8,18.4,risacza01
431,Liam Robbins,25,C,57,7.6,1.3,1.3,1.3,3.8,5.7,robbili01
432,Duncan Robinson,30,SF,1785,3.4,3.5,0.8,0.1,1.7,16.5,robindu01
433,Mitchell Robinson,26,C,290,12.5,1.6,2.0,2.2,1.2,10.8,robinmi01
434,Orlando Robinson,24,C,770,10.3,3.6,0.8,0.7,2.3,14.2,robinor01
435,Jeremiah Robinson-Earl,24,PF,1239,9.2,2.6,1.1,0.2,1.5,12.1,robinje02
436,David Roddy,23,PF,410,7.4,3.1,1.2,0.8,1.9,13.4,roddyda01
437,Ryan Rollins,22,PG,820,4.7,4.6,1.8,0.7,2.3,15.3,rolliry01
438,Jackson Rowe,28,PF,52,7.6,2.8,2.8,0.0,0.7,15.2,roweja01
439,Terry Rozier,30,PG,1658,5.2,3.6,0.8,0.3,1.7,14.7,roziete01
440,Rayan Rupert,20,SG,460,5.5,2.0,1.3,0.3,2.3,12.1,ruperra01
441,D'Angelo Russell,28,PG,1480,3.9,7.2,1.4,0.6,2.6,17.8,russeda01
442,Matt Ryan,27,SF,68,4.2,1.6,1.1,0.0,1.6,14.8,ryanma01
443,Domantas Sabonis,28,C,2429,14.4,6.3,0.7,0.4,3.0,19.8,sabondo01
444,Tidjane Salaun,19,PF,1244,8.1,2.1,0.8,0.4,1.7,10.2,salauti01
445,Adama Sanogo,22,C,21,10.3,1.7,0.0,0.0,1.7,13.7,sanogad01
446,Gui Santos,22,PF,762,8.1,3.8,1.2,0.5,2.0,10.7,santogu01
447,Dario Saric,30,C,210,8.6,3.9,1.2,0.2,2.6,9.6,saricda01
448,Alex Sarr,19,C,1814,8.6,3.2,0.9,2.0,2.3,17.2,sarral01
449,Marcus Sasser,24,PG,811,3.1,5.9,1.6,0.2,2.4,16.6,sassema01
450,Baylor Scheierman,24,SG,384,6.1,3.1,1.6,0.2,1.1,10.6,scheiba01
451,Dennis Schroder,31,PG,2105,3.4,6.9,1.1,0.2,2.4,16.8,schrode01
452,Alperen Sengun,22,C,2395,11.8,5.6,1.3,0.9,2.9,21.8,sengual01
453,Brice Sensabaugh,21,SF,1432,5.3,2.8,1.2,0.2,2.7,19.4,sensabr01
454,Collin Sexton,26,SG,1758,3.5,5.4,1.0,0.1,3.3,23.7,sextoco01
455,Landry Shamet,27,SG,762,2.9,1.3,1.1,0.1,1.0,13.5,shamela01
456,Terrence Shannon Jr.,24,SG,339,5.0,3.4,0.7,0.5,1.6,14.7,shannte01
457,Day'Ron Sharpe,23,C,907,13.1,3.6,1.6,1.7,2.5,15.8,sharpda01
458,Shaedon Sharpe,21,SG,2252,5.2,3.2,1.0,0.3,2.4,21.3,sharpsh01
459,Jamal Shead,22,PG,1467,2.8,7.8,1.4,0.2,2.9,13.1,sheadja01
460,Ben Sheppard,23,SG,1228,5.2,2.5,1.1,0.4,0.6,9.7,sheppbe01
461,Reed Sheppard,20,PG,654,4.3,4.1,1.9,0.9,2.0,12.6,sheppre01
462,Pascal Siakam,30,PF,2548,7.6,3.7,1.0,0.6,1.5,22.3,siakapa01
463,Ben Simmons,28,PG,1120,7.7,9.2,1.2,0.7,3.3,8.2,simmobe01
464,Anfernee Simons,25,SG,2292,3.0,5.3,0.9,0.1,2.2,21.2,simonan01
465,KJ Simpson,22,PG,842,4.7,4.8,1.5,0.3,2.4,12.1,simpskj01
466,Jaylen Sims,26,SG,112,1.9,3.9,1.0,0.3,2.6,13.5,simsja01
467,Jericho Sims,26,C,632,11.2,1.9,0.6,1.1,1.9,5.6,simsje01
468,Marcus Smart,30,PG,680,3.8,5.8,2.1,0.5,2.9,16.1,smartma01
469,Dru Smith,27,SG,268,4.8,3.1,2.8,0.8,2.3,11.7,smithdr01
470,Jabari Smith Jr.,21,PF,1716,8.4,1.3,0.5,0.9,1.3,14.6,smithja05
471,Jalen Smith,24,C,962,13.4,2.4,0.6,1.6,1.4,19.6,smithja04
472,Nick Smith Jr.,20,SG,1369,3.4,3.8,0.4,0.2,2.2,15.5,smithni01
473,Tolu Smith,24,PF,22,13.1,0.0,0.0,0.0,3.3,22.9,smithto05
474,Tyler Smith,20,PF,122,7.4,1.2,0.9,1.2,2.4,19.8,smithty02
475,Jeremy Sochan,21,PF,1364,9.3,3.4,1.2,0.7,2.2,16.3,sochaje01
476,Cam Spencer,24,SG,252,4.3,4.9,1.3,0.1,0.9,15.1,spencca01
477,Pat Spencer,28,PG,250,6.6,6.9,2.0,0.4,2.6,14.1,spencpa01
478,Jaden Springer,22,PG,365,5.7,3.3,2.4,0.4,1.6,10.8,sprinja01
479,Isaiah Stevens,24,PG,6,12.0,0.0,6.0,0.0,0.0,0.0,steveis01
480,Lamar Stevens,27,PF,155,8.8,1.9,1.2,0.7,2.3,17.2,stevela01
481,Isaiah Stewart,23,C,1434,10.0,3.1,0.7,2.5,1.7,10.9,stewais01
482,Julian Strawther,22,SG,1384,3.7,2.2,1.0,0.4,1.5,15.3,strawju01
483,Max Strus,28,SF,1273,6.1,4.5,0.7,0.3,1.5,13.3,strusma01
484,Jalen Suggs,23,PG,1002,5.1,4.6,1.8,1.2,3.7,20.4,suggsja01
485,Cole Swider,25,SF,169,5.8,0.6,0.9,0.4,0.9,12.6,swideco01
486,Jae'Sean Tate,29,SF,588,7.2,2.9,1.6,0.4,1.3,11.5,tateja01
487,Jayson Tatum,26,PF,2624,8.5,5.9,1.0,0.5,2.9,26.5,tatumja01
488,Terry Taylor,25,PF,6,6.0,12.0,0.0,0.0,0.0,0.0,taylote01
489,Garrett Temple,38,SG,227,4.6,4.9,2.7,0.3,1.6,8.4,templga01
490,Dalen Terry,22,SG,987,4.5,3.5,1.6,0.5,1.9,11.9,terryda01
491,Daniel Theis,32,C,621,9.5,3.5,1.0,1.2,1.4,9.4,theisda01
492,Cam Thomas,23,SG,781,3.8,4.3,0.7,0.1,2.9,27.6,thomaca02
493,Amen Thompson,22,SF,2225,9.1,4.3,1.6,1.4,2.2,15.7,thompam01
494,Ausar Thompson,22,SF,1328,8.2,3.6,2.7,1.1,2.2,16.1,thompau01
495,Klay Thompson,34,SF,1965,4.5,2.7,0.9,0.5,1.6,18.4,thompkl01
496,Tristan Thompson,33,C,328,14.7,2.6,0.2,1.2,1.5,7.6,thomptr01
497,JT Thor,22,PF,249,6.9,0.9,1.2,1.3,1.3,10.3,thorjt01
498,Matisse Thybulle,27,SG,312,6.0,3.2,3.8,1.0,1.5,12.9,thybuma01
499,Xavier Tillman Sr.,26,C,231,6.7,1.1,1.7,0.8,2.2,5.3,tillmxa01
500,Drew Timme,24,PF,254,9.2,2.8,0.6,0.1,2.1,15.4,timmedr01
501,Nae'Qwan Tomlin,24,PF,63,12.0,1.1,0.0,0.6,1.1,20.6,tomlina01
502,Jacob Toppin,24,SF,76,7.1,2.8,0.9,0.0,1.4,10.9,toppija01
503,Obi Toppin,26,PF,1545,7.4,3.0,1.1,0.7,1.6,19.4,toppiob01
504,Karl-Anthony Towns,29,C,2517,13.2,3.2,1.0,0.7,2.7,25.2,townska01
505,Armel Traore,22,SF,67,8.1,0.5,2.1,1.1,1.6,7.5,armeltr01
506,Luke Travers,23,SG,88,8.2,3.3,0.4,0.4,3.3,4.9,travelu01
507,Gary Trent Jr.,26,SG,1893,3.2,1.7,1.4,0.1,0.8,15.7,trentga02
508,Oscar Tshiebwe,25,C,255,17.2,1.3,1.8,0.1,1.4,15.1,tshieos01
509,P.J. Tucker,39,SF,58,5.0,0.0,0.6,0.6,0.6,5.6,tuckepj01
510,Myles Turner,28,C,2174,7.8,1.8,0.9,2.4,2.0,18.5,turnemy01
511,Hunter Tyson,24,PF,400,7.0,1.8,0.9,0.5,1.3,12.1,tysonhu01
512,Jaylon Tyson,22,SG,453,7.6,3.5,1.0,0.2,2.1,13.3,tysonja01
513,Stanley Umude,25,SG,86,7.1,1.7,1.3,2.5,1.3,6.3,umudest01
514,Jonas Valanciunas,32,C,1524,14.8,3.9,0.9,1.1,2.8,19.9,valanjo01
515,Jarred Vanderbilt,25,PF,581,11.3,2.5,2.2,0.6,1.8,9.1,vandeja01
516,Fred VanVleet,30,PG,2111,3.8,5.7,1.6,0.4,1.5,14.4,vanvlfr01
517,Devin Vassell,24,SG,1983,4.6,3.3,1.5,0.6,1.6,18.9,vassede01
518,Gabe Vincent,28,PG,1527,2.2,2.3,1.2,0.3,1.0,10.8,vincega01
519,Nikola Vucevic,34,C,2278,11.6,4.0,1.0,0.8,1.9,21.3,vucevni01
520,Tristan Vukcevic,21,C,513,9.1,2.7,0.8,1.6,2.9,23.2,vukcetr01
521,Dean Wade,28,PF,1252,7.2,2.2,1.2,0.6,0.6,9.2,wadede01
522,Franz Wagner,23,SF,2023,6.1,5.1,1.3,0.4,2.5,25.8,wagnefr01
523,Moritz Wagner,27,C,564,9.4,2.7,1.5,0.8,3.1,24.6,wagnemo01
524,Jabari Walker,22,PF,749,10.1,1.8,1.6,0.3,1.6,15.0,walkeja01
525,Jarace Walker,21,PF,1187,6.9,3.3,1.6,0.8,2.4,14.0,walkeja02
526,Lonnie Walker IV,26,SG,477,4.8,3.8,0.8,0.4,1.9,18.6,walkelo01
527,Cason Wallace,21,SG,1876,4.4,3.3,2.3,0.7,1.1,10.9,wallaca01
528,Keaton Wallace,25,PG,501,3.6,5.8,2.0,0.6,2.4,12.1,wallake01
529,Jordan Walsh,20,PF,403,6.2,1.7,1.1,1.0,1.5,7.3,walshjo01
530,Ja'Kobe Walter,20,SG,1103,5.2,2.6,1.4,0.3,1.6,14.7,walteja01
531,Kel'el Ware,20,C,1422,12.0,1.5,1.0,1.8,1.4,15.1,wareke01
532,P.J. Washington,26,PF,1835,8.7,2.6,1.2,1.2,2.3,16.4,washipj01
533,TyTy Washington Jr.,23,PG,118,4.0,4.9,0.9,0.0,0.9,10.7,washity02
534,Lindy Waters III,27,SG,778,5.1,2.4,1.2,0.5,0.9,11.8,waterli01
535,Trendon Watford,24,PF,913,6.3,4.5,1.1,0.5,3.3,17.7,watfotr01
536,Anton Watson,24,SF,22,4.9,3.3,1.6,0.0,3.3,13.1,watsoan02
537,Peyton Watson,22,SF,1656,5.1,2.0,1.0,2.0,1.2,12.0,watsope01
538,Jaylen Wells,21,SG,2043,4.7,2.4,0.8,0.1,1.2,14.5,wellsja01
539,Victor Wembanyama,21,C,1527,11.9,4.0,1.2,4.1,3.5,26.3,wembavi01
540,Blake Wesley,21,SG,683,3.2,6.0,2.0,0.3,2.8,11.4,weslebl01
541,Russell Westbrook,36,PG,2092,6.4,7.9,1.8,0.6,4.2,17.1,westbru01
542,Phillip Wheeler,22,PF,44,6.5,1.6,0.8,1.6,0.8,6.5,wheelph02
543,Coby White,24,SG,2450,4.0,4.8,1.0,0.2,2.6,22.2,whiteco01
544,Derrick White,30,SG,2574,4.8,5.0,1.0,1.1,1.8,17.5,whitede01
545,Cam Whitmore,20,SF,827,6.6,2.1,1.3,0.6,2.0,20.8,whitmca01
546,Aaron Wiggins,26,SG,1744,6.1,2.8,1.2,0.4,1.4,18.9,wiggiaa01
547,Andrew Wiggins,29,SF,1842,5.3,3.1,1.2,1.0,1.9,21.1,wiggian01
548,Alondes Williams,25,SG,4,0.0,9.0,0.0,0.0,0.0,45.0,willial06
549,Brandon Williams,25,PG,487,4.3,5.6,1.8,0.4,2.9,20.3,willibr03
550,Cody Williams,20,SG,1060,3.8,2.0,0.8,0.5,1.5,7.8,willico04
551,Grant Williams,26,PF,479,6.2,2.8,1.4,1.0,2.1,12.5,willigr01
552,Jalen Williams,23,SG,2237,5.9,5.7,1.8,0.7,2.4,24.0,willija06
553,Jaylin Williams,22,PF,784,12.0,5.5,1.0,1.3,1.6,12.8,willija07
554,Jeenathan Williams,25,SG,147,3.2,2.2,2.0,1.0,3.4,15.9,willije02
555,Kenrich Williams,30,PF,1132,7.7,3.1,1.4,0.3,1.2,13.9,willike04
556,Mark Williams,23,C,1171,13.7,3.4,1.0,1.7,2.2,20.6,willima07
557,Patrick Williams,23,PF,1576,5.4,2.8,1.1,0.7,2.0,12.9,willipa01
558,Robert Williams,27,C,351,12.1,2.2,1.3,3.4,1.7,11.9,williro04
559,Vince Williams Jr.,24,SG,499,7.1,4.0,0.9,0.5,2.4,12.9,willivi01
560,Ziaire Williams,23,SF,1541,6.7,2.0,1.4,0.7,1.6,14.8,willizi02
561,Zion Williamson,24,PF,857,9.1,6.7,1.6,1.1,3.8,31.0,willizi01
562,Jalen Wilson,24,PF,2031,4.8,2.6,0.7,0.1,1.4,13.3,wilsoja03
563,James Wiseman,23,C,5,7.2,0.0,0.0,0.0,0.0,43.2,wisemja01
564,Isaiah Wong,24,SG,265,4.3,3.8,1.5,0.0,2.4,16.3,wongis01
565,Delon Wright,32,PG,635,3.7,4.4,2.0,0.7,1.2,7.1,wrighde01
566,Guerschon Yabusele,29,C,1895,7.5,2.8,1.1,0.5,1.7,14.6,yabusgu01
567,Jahmir Young,24,PG,30,3.6,7.2,0.0,0.0,1.2,13.2,youngja05
568,Trae Young,26,PG,2739,3.1,11.6,1.2,0.2,4.7,24.2,youngtr01
569,Ivica Zubac,27,C,2624,13.9,2.9,0.8,1.2,1.7,18.4,zubaciv01
